{
    "overall": {
        "mse": 0.0014256491758521833,
        "mae": 0.02846863010051645,
        "r2": 0.9284244149053467,
        "pcc": 0.9637903660569278
    },
    "feature_0": {
        "mse": 0.001373295969345853,
        "mae": 0.02773206257682929,
        "r2": 0.8178825350373449,
        "pcc": 0.9056669992362563,
        "within_tol": 0.8819813008130082
    },
    "feature_1": {
        "mse": 0.0014780023823585137,
        "mae": 0.029205197624203618,
        "r2": 0.7728372541669495,
        "pcc": 0.8815879024792278,
        "within_tol": 0.8896243902439024
    }
}