{
    "ar_order_x": 8,
    "ar_order_y": 12,
    "r2_x": 0.9999904705796037,
    "r2_y": 0.9999925368000886,
    "rmse_x": 0.000304349980144549,
    "rmse_y": 0.0002489590346887873,
    "aic_x": -48625.1870633599,
    "aic_y": -50025.66791854067,
    "ls_params_x": [
        0.06495363248067211,
        1.0493384235684168e-05,
        0.10611068411244416,
        1.2336509367323365,
        0.07491071096454924,
        -1.5902768933381444
    ],
    "ls_params_y": [
        0.3464375851519134,
        -4.248562920992829e-07,
        -0.09468703548779385,
        -0.37268353945289523,
        0.07697465632953165,
        -0.07254412217947004
    ]
}