{
    "ar_order_x": 8,
    "ar_order_y": 8,
    "r2_x": 0.999990582818554,
    "r2_y": 0.9999924598296247,
    "rmse_x": 0.0003023918151065041,
    "rmse_y": 0.0002501330361403043,
    "aic_x": -48672.436089894814,
    "aic_y": -50054.43419262436,
    "ls_params_x": [
        0.06579960481114067,
        1.021121316620535e-05,
        0.1099511202620581,
        1.5795652833716867,
        369.51915124288945,
        0.07918637979823938,
        -1.9554260113304833,
        425.34302853050855
    ],
    "ls_params_y": [
        0.3416260483372269,
        1.7298987634239932e-06,
        0.10018994261171633,
        -3.1128055279235927,
        369.99999999999994,
        0.07941836782182828,
        -0.4301925991901519,
        425.5576329325239
    ]
}