{
    "overall": {
        "mse": 0.0010978257848000266,
        "mae": 0.025393461588138395,
        "r2": 0.943403427709014,
        "pcc": 0.9715698370689226
    },
    "feature_0": {
        "mse": 0.001008821164441156,
        "mae": 0.02440469110001714,
        "r2": 0.8618458724631334,
        "pcc": 0.9297441059524626,
        "within_tol": 0.9454390475855025
    },
    "feature_1": {
        "mse": 0.001186830405158897,
        "mae": 0.02638223207625966,
        "r2": 0.8120201327317934,
        "pcc": 0.904085159005866,
        "within_tol": 0.9204828995104082
    }
}