{
    "overall": {
        "mse": 0.0011089466949513096,
        "mae": 0.025202149178505617,
        "r2": 0.9428550049209397,
        "pcc": 0.9711305741502505
    },
    "feature_0": {
        "mse": 0.0009556094145271633,
        "mae": 0.023647941209001988,
        "r2": 0.868405879090106,
        "pcc": 0.9326953400815245,
        "within_tol": 0.9500151024811219
    },
    "feature_1": {
        "mse": 0.0012622839753754554,
        "mae": 0.02675635714800925,
        "r2": 0.7986580481571981,
        "pcc": 0.8950093390617003,
        "within_tol": 0.9142839266450917
    }
}